event_message,id,timestamp
htxsylxwvcbrazdowjys | POST | 200 | 10.117.74.46 | 986f4405c3bacd30-LHR | /object/intermediates/979a0520-b212-4865-bbcb-e524d639e337/d92ce920-6b8b-428e-b349-70377a232bca/edge.png | node,f239f6bb-1f17-445e-8ea2-f0b9595cbfe7,1759188599148000
[Admin]: ObjectAdminDelete htxsylxwvcbrazdowjys/artifacts/979a0520-b212-4865-bbcb-e524d639e337/d92ce920-6b8b-428e-b349-70377a232bca/coloring_page.pdf,b51a59b6-f833-4333-a4da-fb0dbb5d3053,1759188542245000
[Lifecycle]: ObjectCreated:Put htxsylxwvcbrazdowjys/artifacts/979a0520-b212-4865-bbcb-e524d639e337/d92ce920-6b8b-428e-b349-70377a232bca/coloring_page.pdf,ed25084e-ecf1-418c-a5c1-045064444e10,1759188542161000
htxsylxwvcbrazdowjys | POST | 200 | 10.117.71.232 | 986f429a04629564-LHR | /object/artifacts/979a0520-b212-4865-bbcb-e524d639e337/d92ce920-6b8b-428e-b349-70377a232bca/coloring_page.pdf | node,a3fc23b6-da9b-4076-9cff-60f606011f3b,1759188540804000
[Lifecycle]: ObjectCreated:Put htxsylxwvcbrazdowjys/intermediates/979a0520-b212-4865-bbcb-e524d639e337/d92ce920-6b8b-428e-b349-70377a232bca/edge.png,db2b1ac7-5e86-4f93-839f-32037499458a,1759188480189000
[Admin]: ObjectAdminDelete htxsylxwvcbrazdowjys/intermediates/979a0520-b212-4865-bbcb-e524d639e337/d92ce920-6b8b-428e-b349-70377a232bca/edge.png,f729f538-1d04-4ce2-bec0-02e5942e939f,1759188479824000
htxsylxwvcbrazdowjys | POST | 200 | 10.117.60.196 | 986f411341b1eeff-LHR | /object/intermediates/979a0520-b212-4865-bbcb-e524d639e337/d92ce920-6b8b-428e-b349-70377a232bca/edge.png | node,2f90596a-7181-43d7-8acd-09a694a60cd3,1759188478393000
[Admin]: ObjectAdminDelete htxsylxwvcbrazdowjys/intermediates/979a0520-b212-4865-bbcb-e524d639e337/d92ce920-6b8b-428e-b349-70377a232bca/edge.png,68c5f483-2eca-42b9-bb3c-19a799534e6d,1759188327241000
[Lifecycle]: ObjectCreated:Put htxsylxwvcbrazdowjys/intermediates/979a0520-b212-4865-bbcb-e524d639e337/d92ce920-6b8b-428e-b349-70377a232bca/edge.png,7e6570eb-a350-4bac-985a-97a5fff46060,1759188326152000
htxsylxwvcbrazdowjys | POST | 200 | 10.117.60.196 | 986f3d5b6120b6cd-LHR | /object/intermediates/979a0520-b212-4865-bbcb-e524d639e337/d92ce920-6b8b-428e-b349-70377a232bca/edge.png | node,606db74a-0d3b-49a8-8102-8cd0fe2ca2db,1759188325967000
[Admin]: ObjectAdminDelete htxsylxwvcbrazdowjys/intermediates/979a0520-b212-4865-bbcb-e524d639e337/d92ce920-6b8b-428e-b349-70377a232bca/edge.png,8e86eb06-a5d1-4ee4-a408-0beec8a3967e,1759188302244000
[Lifecycle]: ObjectCreated:Put htxsylxwvcbrazdowjys/intermediates/979a0520-b212-4865-bbcb-e524d639e337/d92ce920-6b8b-428e-b349-70377a232bca/edge.png,b5059d86-d3d5-46bc-8e05-a6591d908a9c,1759188302153000
htxsylxwvcbrazdowjys | POST | 200 | 10.117.60.196 | 986f3978828bee0d-IAD | /object/sign/intermediates/979a0520-b212-4865-bbcb-e524d639e337/d92ce920-6b8b-428e-b349-70377a232bca/edge.png | node,44250c14-b1c3-4c68-9c4d-64c2db13b9de,1759188166556000
htxsylxwvcbrazdowjys | POST | 200 | 10.117.71.232 | 986f396d30b09550-LHR | /object/intermediates/979a0520-b212-4865-bbcb-e524d639e337/d92ce920-6b8b-428e-b349-70377a232bca/edge.png | node,65ee39e2-5980-4f0e-badc-586a86b23451,1759188164992000
htxsylxwvcbrazdowjys | POST | 200 | 10.117.9.165 | 986f38e6e5c7887f-LHR | /object/artifacts/979a0520-b212-4865-bbcb-e524d639e337/d92ce920-6b8b-428e-b349-70377a232bca/coloring_page.pdf | node,422381dd-c487-4665-9138-81f5e405f796,1759188143484000
[Admin]: ObjectAdminDelete htxsylxwvcbrazdowjys/intermediates/979a0520-b212-4865-bbcb-e524d639e337/d92ce920-6b8b-428e-b349-70377a232bca/edge.png,4eca6e51-868d-4fae-9ea7-ac0f78e4af44,1759188032227000
[Lifecycle]: ObjectCreated:Put htxsylxwvcbrazdowjys/intermediates/979a0520-b212-4865-bbcb-e524d639e337/d92ce920-6b8b-428e-b349-70377a232bca/edge.png,26f4381b-7588-4231-afcf-505c9438abc4,1759188032136000
[Lifecycle]: ObjectCreated:Post htxsylxwvcbrazdowjys/intermediates/979a0520-b212-4865-bbcb-e524d639e337/d92ce920-6b8b-428e-b349-70377a232bca/edge.png,74a71680-36dd-4030-b19c-bf17845fb4d1,1759188008135000
htxsylxwvcbrazdowjys | POST | 200 | 10.117.60.196 | 986f35911656cd30-LHR | /object/intermediates/979a0520-b212-4865-bbcb-e524d639e337/d92ce920-6b8b-428e-b349-70377a232bca/edge.png | node,85d26a2b-7ad2-409f-8409-376fdbcc7b60,1759188006968000